part,model,optimization,opt_arm_id,opt_is_reference,opt_input_size,opt_n_slices,opt_augmentation,tumor_context_mode,roi_only_background_value,AUC,DeLong_CI_lower,DeLong_CI_upper,AUC_with_DeLong_95CI,Jackknife_CI_lower,Jackknife_CI_upper,AUC_with_Jackknife_95CI,Jackknife_min_AUC,Jackknife_max_AUC,Bootstrap_CI_lower,Bootstrap_CI_upper,AUC_with_Bootstrap_95CI,Bootstrap_repeats,Brier_score,n_test_patients,OOF_threshold,OOF_accuracy,OOF_balanced_accuracy,OOF_sensitivity,OOF_specificity,OOF_F1_score,OOF_MCC,OOF_YOUDEN,OOF_threshold_source,INSAMPLE_threshold,INSAMPLE_accuracy,INSAMPLE_balanced_accuracy,INSAMPLE_sensitivity,INSAMPLE_specificity,INSAMPLE_F1_score,INSAMPLE_MCC,INSAMPLE_YOUDEN,INSAMPLE_threshold_source,toprisk_percent,toprisk_threshold,toprisk_accuracy,toprisk_balanced_accuracy,toprisk_sensitivity,toprisk_specificity,toprisk_F1_score,toprisk_MCC,toprisk_threshold_source,DeLong_CI_method,Jackknife_CI_method,Bootstrap_CI_method
4_cnn_finetuned,radimagenet_resnet10t|finetune_improved|thrfull,False,,False,224,1,BASIC,MIN_BBOX,,0.9529411764705882,0.8682192057113769,1.0,0.953 (0.868–1.000),0.864336818591312,1.0,0.953 (0.864–1.000),0.9411764705882353,0.975,0.8235294117647058,1.0,0.953 (0.824–1.000),2000,0.23764333510820138,22,0.4743174761533737,0.36363636363636365,0.5882352941176471,1.0,0.17647058823529413,0.4166666666666667,0.2154985579603078,,median repeat-wise development fine-tuned outer-OOF Youden threshold matched to final refit model family applied unchanged to holdout,,,,,,,,,,25.0,0.5317639708518982,0.8636363636363636,0.8411764705882353,0.8,0.8823529411764706,0.7272727272727273,0.6420707920165691,top 25% risk scores in evaluated set,single-model DeLong variance; normal 95% CI,delete-one patient jackknife; normal 95% CI,stratified patient-level nonparametric bootstrap; percentile 95% CI
1_cnn_end2end,radimagenet_densenet121|frozen|thrfull,False,,False,224,1,FLIPS,MIN_BBOX,,0.9176470588235295,0.7491865495314671,1.0,0.918 (0.749–1.000),0.7347675566227548,1.0,0.918 (0.735–1.000),0.8970588235294118,1.0,0.7176470588235294,1.0,0.918 (0.718–1.000),2000,0.1758354586525452,22,0.4575720429420471,0.6818181818181818,0.7941176470588236,1.0,0.5882352941176471,0.5882352941176471,0.49507377148833714,,development pooled OOF Youden threshold applied unchanged to holdout,,,,,,,,,,25.0,0.5134203433990479,0.8636363636363636,0.8411764705882353,0.8,0.8823529411764706,0.7272727272727273,0.6420707920165691,top 25% risk scores in evaluated set,single-model DeLong variance; normal 95% CI,delete-one patient jackknife; normal 95% CI,stratified patient-level nonparametric bootstrap; percentile 95% CI
3_efficient_ml,radimagenet_densenet121__gray3__label_thrfull__efficient_ML|LOGREG,False,,False,224,1,NOT_APPLICABLE,MIN_BBOX,,0.8823529411764706,0.6710192160343047,1.0,0.882 (0.671–1.000),0.6528507053074502,1.0,0.882 (0.653–1.000),0.8529411764705882,0.9852941176470588,0.6470588235294117,1.0,0.882 (0.647–1.000),2000,0.19851452216633375,22,0.7065917314187464,0.8636363636363636,0.7,0.4,1.0,0.5714285714285714,0.5830951894845301,0.3999999999999999,development pooled OOF Youden threshold applied unchanged to holdout,0.5152869573108869,0.6363636363636364,0.6941176470588235,0.8,0.5882352941176471,0.5,0.32539568672798425,0.388235294117647,full-development in-sample Youden threshold applied to holdout,25.0,0.6055123572878365,0.8636363636363636,0.8411764705882353,0.8,0.8823529411764706,0.7272727272727273,0.6420707920165691,top 25% risk scores in evaluated set,single-model DeLong variance; normal 95% CI,delete-one patient jackknife; normal 95% CI,stratified patient-level nonparametric bootstrap; percentile 95% CI
1_cnn_end2end,radimagenet_resnet50|frozen|thrfull,False,,False,224,1,FLIPS,MIN_BBOX,,0.8588235294117648,0.6785472437894579,1.0,0.859 (0.679–1.000),0.6685694003532785,1.0,0.859 (0.669–1.000),0.8382352941176471,0.926470588235294,0.6588235294117647,1.0,0.859 (0.659–1.000),2000,0.1630015854989188,22,0.4630645364522934,0.8181818181818182,0.8117647058823529,0.8,0.8235294117647058,0.6666666666666666,0.561011491466461,,development pooled OOF Youden threshold applied unchanged to holdout,,,,,,,,,,25.0,0.524232029914856,0.8636363636363636,0.8411764705882353,0.8,0.8823529411764706,0.7272727272727273,0.6420707920165691,top 25% risk scores in evaluated set,single-model DeLong variance; normal 95% CI,delete-one patient jackknife; normal 95% CI,stratified patient-level nonparametric bootstrap; percentile 95% CI
3_efficient_ml,radimagenet_inceptionv3__gray3__label_thrfull__efficient_ML|LOGREG,False,,False,224,1,NOT_APPLICABLE,MIN_BBOX,,0.8588235294117647,0.6478045233200824,1.0,0.859 (0.648–1.000),0.6308640958035727,1.0,0.859 (0.631–1.000),0.8235294117647058,0.9558823529411764,0.6235294117647059,1.0,0.859 (0.624–1.000),2000,0.1911747562738024,22,0.4871374860617072,0.6818181818181818,0.723529411764706,0.8,0.6470588235294118,0.5333333333333333,0.37625606633113623,0.44705882352941195,development pooled OOF Youden threshold applied unchanged to holdout,0.6075392156813693,0.7727272727272727,0.7823529411764706,0.8,0.7647058823529411,0.6153846153846154,0.49195203701447265,0.5647058823529412,full-development in-sample Youden threshold applied to holdout,25.0,0.7160631881265358,0.8636363636363636,0.8411764705882353,0.8,0.8823529411764706,0.7272727272727273,0.6420707920165691,top 25% risk scores in evaluated set,single-model DeLong variance; normal 95% CI,delete-one patient jackknife; normal 95% CI,stratified patient-level nonparametric bootstrap; percentile 95% CI
3_efficient_ml,radimagenet_resnet10t__gray3__label_thrfull__efficient_ML|LOGREG,False,,False,224,1,NOT_APPLICABLE,MIN_BBOX,,0.8470588235294118,0.6340024533818582,1.0,0.847 (0.634–1.000),0.6171854410578066,1.0,0.847 (0.617–1.000),0.8088235294117646,0.9411764705882353,0.611764705882353,1.0,0.847 (0.612–1.000),2000,0.22303217043086712,22,0.5736427534607236,0.8181818181818182,0.8117647058823529,0.8,0.8235294117647058,0.6666666666666666,0.561011491466461,0.6235294117647059,development pooled OOF Youden threshold applied unchanged to holdout,0.5336498742353912,0.7272727272727273,0.7529411764705882,0.8,0.7058823529411765,0.5714285714285714,0.4311874002772672,0.5058823529411764,full-development in-sample Youden threshold applied to holdout,25.0,0.5915681711775781,0.7727272727272727,0.7117647058823529,0.6,0.8235294117647058,0.5454545454545454,0.3985266984930429,top 25% risk scores in evaluated set,single-model DeLong variance; normal 95% CI,delete-one patient jackknife; normal 95% CI,stratified patient-level nonparametric bootstrap; percentile 95% CI
3_efficient_ml,radimagenet_densenet121__gray3__label_thrfull__efficient_ML|NAIVE_BAYES,False,,False,224,1,NOT_APPLICABLE,MIN_BBOX,,0.8352941176470589,0.6084880587329283,1.0,0.835 (0.608–1.000),0.5901052581051187,1.0,0.835 (0.590–1.000),0.7941176470588235,0.926470588235294,0.5764705882352941,1.0,0.835 (0.576–1.000),2000,0.3355001241388161,22,0.834550319318079,0.6363636363636364,0.6941176470588235,0.8,0.5882352941176471,0.5,0.32539568672798425,0.388235294117647,development pooled OOF Youden threshold applied unchanged to holdout,0.6759113763235445,0.6363636363636364,0.6941176470588235,0.8,0.5882352941176471,0.5,0.32539568672798425,0.388235294117647,full-development in-sample Youden threshold applied to holdout,25.0,0.9599485213514083,0.7727272727272727,0.7117647058823529,0.6,0.8235294117647058,0.5454545454545454,0.3985266984930429,top 25% risk scores in evaluated set,single-model DeLong variance; normal 95% CI,delete-one patient jackknife; normal 95% CI,stratified patient-level nonparametric bootstrap; percentile 95% CI
3_efficient_ml,radimagenet_inceptionv3__gray3__label_thrfull__efficient_ML|NAIVE_BAYES,False,,False,224,1,NOT_APPLICABLE,MIN_BBOX,,0.8352941176470587,0.6214593146172225,1.0,0.835 (0.621–1.000),0.6053086459742112,1.0,0.835 (0.605–1.000),0.7941176470588235,0.926470588235294,0.5997058823529416,1.0,0.835 (0.600–1.000),2000,0.2642178599163516,22,0.7495766947198825,0.7272727272727273,0.7529411764705882,0.8,0.7058823529411765,0.5714285714285714,0.4311874002772672,0.5058823529411764,development pooled OOF Youden threshold applied unchanged to holdout,0.47854728454463286,0.6363636363636364,0.6941176470588235,0.8,0.5882352941176471,0.5,0.32539568672798425,0.388235294117647,full-development in-sample Youden threshold applied to holdout,25.0,0.988886516011001,0.7727272727272727,0.7117647058823529,0.6,0.8235294117647058,0.5454545454545454,0.3985266984930429,top 25% risk scores in evaluated set,single-model DeLong variance; normal 95% CI,delete-one patient jackknife; normal 95% CI,stratified patient-level nonparametric bootstrap; percentile 95% CI
3_efficient_ml,imagenet_resnet18__gray3__label_thrfull__efficient_ML|LOGREG,False,,False,224,1,NOT_APPLICABLE,MIN_BBOX,,0.8235294117647058,0.6061497182143332,1.0,0.824 (0.606–1.000),0.5898921306379251,1.0,0.824 (0.590–1.000),0.7794117647058824,0.8970588235294117,0.6,1.0,0.824 (0.600–1.000),2000,0.18753786414078089,22,0.558028539197678,0.8181818181818182,0.6705882352941177,0.4,0.9411764705882353,0.5,0.4166305453899284,0.3411764705882354,development pooled OOF Youden threshold applied unchanged to holdout,0.5527994406590863,0.8181818181818182,0.6705882352941177,0.4,0.9411764705882353,0.5,0.4166305453899284,0.3411764705882354,full-development in-sample Youden threshold applied to holdout,25.0,0.522177703240401,0.7727272727272727,0.7117647058823529,0.6,0.8235294117647058,0.5454545454545454,0.3985266984930429,top 25% risk scores in evaluated set,single-model DeLong variance; normal 95% CI,delete-one patient jackknife; normal 95% CI,stratified patient-level nonparametric bootstrap; percentile 95% CI
3_efficient_ml,imagenet_resnet18__gray3__label_thrfull__efficient_ML|NAIVE_BAYES,False,,False,224,1,NOT_APPLICABLE,MIN_BBOX,,0.8235294117647058,0.6061497182143332,1.0,0.824 (0.606–1.000),0.5898921306379251,1.0,0.824 (0.590–1.000),0.7794117647058824,0.8970588235294117,0.6,1.0,0.824 (0.600–1.000),2000,0.16995235961286273,22,0.26473610630429506,0.6363636363636364,0.6941176470588235,0.8,0.5882352941176471,0.5,0.32539568672798425,0.388235294117647,development pooled OOF Youden threshold applied unchanged to holdout,0.6626773883259958,0.8181818181818182,0.7411764705882353,0.6,0.8823529411764706,0.6,0.4823529411764706,0.48235294117647065,full-development in-sample Youden threshold applied to holdout,25.0,0.6432109360564233,0.7727272727272727,0.7117647058823529,0.6,0.8235294117647058,0.5454545454545454,0.3985266984930429,top 25% risk scores in evaluated set,single-model DeLong variance; normal 95% CI,delete-one patient jackknife; normal 95% CI,stratified patient-level nonparametric bootstrap; percentile 95% CI
3_efficient_ml,radimagenet_resnet10t__gray3__label_thrfull__efficient_ML|NAIVE_BAYES,False,,False,224,1,NOT_APPLICABLE,MIN_BBOX,,0.8117647058823529,0.5606239031786169,1.0,0.812 (0.561–1.000),0.540949443870363,1.0,0.812 (0.541–1.000),0.7647058823529411,0.926470588235294,0.5529411764705883,1.0,0.812 (0.553–1.000),2000,0.14482213800596536,22,0.40393890631648255,0.8181818181818182,0.7411764705882353,0.6,0.8823529411764706,0.6,0.4823529411764706,0.48235294117647065,development pooled OOF Youden threshold applied unchanged to holdout,0.039286109169381064,0.5909090909090909,0.6647058823529413,0.8,0.5294117647058824,0.47058823529411764,0.2772413120334688,0.3294117647058825,full-development in-sample Youden threshold applied to holdout,25.0,0.3635902203711126,0.8636363636363636,0.8411764705882353,0.8,0.8823529411764706,0.7272727272727273,0.6420707920165691,top 25% risk scores in evaluated set,single-model DeLong variance; normal 95% CI,delete-one patient jackknife; normal 95% CI,stratified patient-level nonparametric bootstrap; percentile 95% CI
1_cnn_end2end,imagenet_resnet50|frozen|thrfull,False,,False,224,1,FLIPS,MIN_BBOX,,0.8,0.5407852265986536,1.0,0.800 (0.541–1.000),0.5193630131688738,1.0,0.800 (0.519–1.000),0.75,0.9117647058823528,0.5411764705882354,1.0,0.800 (0.541–1.000),2000,0.16728130173571706,22,0.4395396411418915,0.7727272727272727,0.7117647058823529,0.6,0.8235294117647058,0.5454545454545454,0.3985266984930429,,development pooled OOF Youden threshold applied unchanged to holdout,,,,,,,,,,25.0,0.49280449748039246,0.7727272727272727,0.7117647058823529,0.6,0.8235294117647058,0.5454545454545454,0.3985266984930429,top 25% risk scores in evaluated set,single-model DeLong variance; normal 95% CI,delete-one patient jackknife; normal 95% CI,stratified patient-level nonparametric bootstrap; percentile 95% CI
4_cnn_finetuned,radimagenet_resnet50|finetune_improved|thrfull,False,,False,224,1,BASIC,MIN_BBOX,,0.788235294117647,0.5579397063034714,1.0,0.788 (0.558–1.000),0.542561775356871,1.0,0.788 (0.543–1.000),0.75,0.8676470588235293,0.5529411764705883,1.0,0.788 (0.553–1.000),2000,0.21019498118170873,22,0.4096769094467163,0.5909090909090909,0.6647058823529413,0.8,0.5294117647058824,0.47058823529411764,0.2772413120334688,,median repeat-wise development fine-tuned outer-OOF Youden threshold matched to final refit model family applied unchanged to holdout,,,,,,,,,,25.0,0.6565612554550171,0.7727272727272727,0.7117647058823529,0.6,0.8235294117647058,0.5454545454545454,0.3985266984930429,top 25% risk scores in evaluated set,single-model DeLong variance; normal 95% CI,delete-one patient jackknife; normal 95% CI,stratified patient-level nonparametric bootstrap; percentile 95% CI
1_cnn_end2end,radimagenet_resnet10t|frozen|thrfull,False,,False,224,1,FLIPS,MIN_BBOX,,0.7647058823529411,0.4822993131555702,1.0,0.765 (0.482–1.000),0.4589362241265016,1.0,0.765 (0.459–1.000),0.7058823529411764,0.8676470588235294,0.48235294117647054,1.0,0.765 (0.482–1.000),2000,0.1652352527238414,22,0.4695805311203003,0.8636363636363636,0.7705882352941176,0.6,0.9411764705882353,0.6666666666666666,0.5880064914496507,,development pooled OOF Youden threshold applied unchanged to holdout,,,,,,,,,,25.0,0.4382968842983246,0.7727272727272727,0.7117647058823529,0.6,0.8235294117647058,0.5454545454545454,0.3985266984930429,top 25% risk scores in evaluated set,single-model DeLong variance; normal 95% CI,delete-one patient jackknife; normal 95% CI,stratified patient-level nonparametric bootstrap; percentile 95% CI
4_cnn_finetuned,imagenet_resnet18|finetune_improved|thrfull,False,,False,224,1,BASIC,MIN_BBOX,,0.7411764705882353,0.4523705881762535,1.0,0.741 (0.452–1.000),0.42917468421484734,1.0,0.741 (0.429–1.000),0.6764705882352942,0.8235294117647058,0.43529411764705883,0.9764705882352941,0.741 (0.435–0.976),2000,0.20326249808688948,22,0.5153274834156036,0.6818181818181818,0.6529411764705882,0.6,0.7058823529411765,0.46153846153846156,0.26647402004950604,,median repeat-wise development fine-tuned outer-OOF Youden threshold matched to final refit model family applied unchanged to holdout,,,,,,,,,,25.0,0.5929936766624451,0.7727272727272727,0.7117647058823529,0.6,0.8235294117647058,0.5454545454545454,0.3985266984930429,top 25% risk scores in evaluated set,single-model DeLong variance; normal 95% CI,delete-one patient jackknife; normal 95% CI,stratified patient-level nonparametric bootstrap; percentile 95% CI
1_cnn_end2end,imagenet_resnet10t|frozen|thrfull,False,,False,224,1,FLIPS,MIN_BBOX,,0.7411764705882353,0.4247004580941007,1.0,0.741 (0.425–1.000),0.39746487626150767,1.0,0.741 (0.397–1.000),0.6764705882352942,0.8823529411764706,0.4350000000000005,0.988235294117647,0.741 (0.435–0.988),2000,0.2474952141694046,22,0.559177964925766,0.6818181818181818,0.723529411764706,0.8,0.6470588235294118,0.5333333333333333,0.37625606633113623,,development pooled OOF Youden threshold applied unchanged to holdout,,,,,,,,,,25.0,0.6780723929405212,0.7727272727272727,0.7117647058823529,0.6,0.8235294117647058,0.5454545454545454,0.3985266984930429,top 25% risk scores in evaluated set,single-model DeLong variance; normal 95% CI,delete-one patient jackknife; normal 95% CI,stratified patient-level nonparametric bootstrap; percentile 95% CI
3_efficient_ml,radimagenet_resnet18__gray3__label_thrfull__efficient_ML|NAIVE_BAYES,False,,False,224,1,NOT_APPLICABLE,MIN_BBOX,,0.7176470588235294,0.44154739314745733,0.9937467244996014,0.718 (0.442–0.994),0.4208060966916057,1.0,0.718 (0.421–1.000),0.6470588235294117,0.7941176470588235,0.4352941176470589,0.9411764705882353,0.718 (0.435–0.941),2000,0.23380594571340954,22,0.13414051168993305,0.36363636363636365,0.5882352941176471,1.0,0.17647058823529413,0.4166666666666667,0.2154985579603078,0.17647058823529416,development pooled OOF Youden threshold applied unchanged to holdout,0.31572053198760786,0.5,0.6058823529411765,0.8,0.4117647058823529,0.42105263157894735,0.18448201388042726,0.21176470588235308,full-development in-sample Youden threshold applied to holdout,25.0,0.6906045451060471,0.6818181818181818,0.5823529411764705,0.4,0.7647058823529411,0.36363636363636365,0.15498260496951669,top 25% risk scores in evaluated set,single-model DeLong variance; normal 95% CI,delete-one patient jackknife; normal 95% CI,stratified patient-level nonparametric bootstrap; percentile 95% CI
4_cnn_finetuned,radimagenet_densenet121|finetune_improved|thrfull,False,,False,224,1,BASIC,MIN_BBOX,,0.7176470588235294,0.366905376131563,1.0,0.718 (0.367–1.000),0.3361241726556203,1.0,0.718 (0.336–1.000),0.6470588235294118,0.8382352941176471,0.37617647058823583,1.0,0.718 (0.376–1.000),2000,0.15378838618040397,22,0.48361775279045105,0.7727272727272727,0.7117647058823529,0.6,0.8235294117647058,0.5454545454545454,0.3985266984930429,,median repeat-wise development fine-tuned outer-OOF Youden threshold matched to final refit model family applied unchanged to holdout,,,,,,,,,,25.0,0.5171315670013428,0.7727272727272727,0.7117647058823529,0.6,0.8235294117647058,0.5454545454545454,0.3985266984930429,top 25% risk scores in evaluated set,single-model DeLong variance; normal 95% CI,delete-one patient jackknife; normal 95% CI,stratified patient-level nonparametric bootstrap; percentile 95% CI
3_efficient_ml,imagenet_resnet50__gray3__label_thrfull__efficient_ML|NAIVE_BAYES,False,,False,224,1,NOT_APPLICABLE,MIN_BBOX,,0.7176470588235293,0.4471404803010308,0.9881536373460278,0.718 (0.447–0.988),0.4277120485870391,1.0,0.718 (0.428–1.000),0.6470588235294118,0.8235294117647058,0.44705882352941173,0.9411764705882353,0.718 (0.447–0.941),2000,0.17470250950281715,22,0.5631119682782864,0.7272727272727273,0.5411764705882353,0.2,0.8823529411764706,0.25,0.1005659937148103,0.08235294117647052,development pooled OOF Youden threshold applied unchanged to holdout,0.4680873836095632,0.7272727272727273,0.5411764705882353,0.2,0.8823529411764706,0.25,0.1005659937148103,0.08235294117647052,full-development in-sample Youden threshold applied to holdout,25.0,0.30292138142360037,0.7727272727272727,0.7117647058823529,0.6,0.8235294117647058,0.5454545454545454,0.3985266984930429,top 25% risk scores in evaluated set,single-model DeLong variance; normal 95% CI,delete-one patient jackknife; normal 95% CI,stratified patient-level nonparametric bootstrap; percentile 95% CI
4_cnn_finetuned,imagenet_resnet50|finetune_improved|thrfull,False,,False,224,1,BASIC,MIN_BBOX,,0.7058823529411764,0.3961993729974765,1.0,0.706 (0.396–1.000),0.371550520832934,1.0,0.706 (0.372–1.000),0.6470588235294117,0.8088235294117647,0.4117647058823529,1.0,0.706 (0.412–1.000),2000,0.16487081732908807,22,0.4992496222257614,0.8181818181818182,0.7411764705882353,0.6,0.8823529411764706,0.6,0.4823529411764706,,median repeat-wise development fine-tuned outer-OOF Youden threshold matched to final refit model family applied unchanged to holdout,,,,,,,,,,25.0,0.3754059970378876,0.7727272727272727,0.7117647058823529,0.6,0.8235294117647058,0.5454545454545454,0.3985266984930429,top 25% risk scores in evaluated set,single-model DeLong variance; normal 95% CI,delete-one patient jackknife; normal 95% CI,stratified patient-level nonparametric bootstrap; percentile 95% CI
4_cnn_finetuned,imagenet_resnet10t|finetune_improved|thrfull,False,,False,224,1,BASIC,MIN_BBOX,,0.7058823529411764,0.37163496000978363,1.0,0.706 (0.372–1.000),0.34275077012665744,1.0,0.706 (0.343–1.000),0.6323529411764706,0.8382352941176471,0.3764705882352941,0.988235294117647,0.706 (0.376–0.988),2000,0.20642807528194632,22,0.4204680919647217,0.5454545454545454,0.5647058823529412,0.6,0.5294117647058824,0.375,0.10846522890932808,,median repeat-wise development fine-tuned outer-OOF Youden threshold matched to final refit model family applied unchanged to holdout,,,,,,,,,,25.0,0.598448634147644,0.7727272727272727,0.7117647058823529,0.6,0.8235294117647058,0.5454545454545454,0.3985266984930429,top 25% risk scores in evaluated set,single-model DeLong variance; normal 95% CI,delete-one patient jackknife; normal 95% CI,stratified patient-level nonparametric bootstrap; percentile 95% CI
3_efficient_ml,imagenet_resnet50__gray3__label_thrfull__efficient_ML|LOGREG,False,,False,224,1,NOT_APPLICABLE,MIN_BBOX,,0.6705882352941177,0.384905921117282,0.9562705494709534,0.671 (0.385–0.956),0.36538967294619673,0.9757867976420387,0.671 (0.365–0.976),0.5882352941176471,0.7794117647058822,0.3647058823529412,0.9058823529411765,0.671 (0.365–0.906),2000,0.20149532900536712,22,0.5078107198548646,0.6363636363636364,0.5529411764705883,0.4,0.7058823529411765,0.3333333333333333,0.09526610232449337,0.10588235294117654,development pooled OOF Youden threshold applied unchanged to holdout,0.6112094569025627,0.6818181818181818,0.5117647058823529,0.2,0.8235294117647058,0.2222222222222222,0.025565499628245683,0.0235294117647058,full-development in-sample Youden threshold applied to holdout,25.0,0.5715156659790928,0.5909090909090909,0.4529411764705883,0.2,0.7058823529411765,0.18181818181818182,-0.08856148855400953,top 25% risk scores in evaluated set,single-model DeLong variance; normal 95% CI,delete-one patient jackknife; normal 95% CI,stratified patient-level nonparametric bootstrap; percentile 95% CI
3_efficient_ml,imagenet_resnet10t__gray3__label_thrfull__efficient_ML|LOGREG,False,,False,224,1,NOT_APPLICABLE,MIN_BBOX,,0.6705882352941177,0.257704422555642,1.0,0.671 (0.258–1.000),0.22001881936252382,1.0,0.671 (0.220–1.000),0.588235294117647,0.8382352941176471,0.2588235294117647,1.0,0.671 (0.259–1.000),2000,0.28474811551159845,22,0.5067822975425373,0.5,0.5352941176470588,0.6,0.47058823529411764,0.35294117647058826,0.05940885257860046,0.07058823529411762,development pooled OOF Youden threshold applied unchanged to holdout,0.5506687859733177,0.5,0.5352941176470588,0.6,0.47058823529411764,0.35294117647058826,0.05940885257860046,0.07058823529411762,full-development in-sample Youden threshold applied to holdout,25.0,0.67926672821878,0.7727272727272727,0.7117647058823529,0.6,0.8235294117647058,0.5454545454545454,0.3985266984930429,top 25% risk scores in evaluated set,single-model DeLong variance; normal 95% CI,delete-one patient jackknife; normal 95% CI,stratified patient-level nonparametric bootstrap; percentile 95% CI
4_cnn_finetuned,radimagenet_resnet18|finetune_improved|thrfull,False,,False,224,1,BASIC,MIN_BBOX,,0.6588235294117647,0.3453013576653556,0.972345701158174,0.659 (0.345–0.972),0.3207414028283106,0.9969056559952187,0.659 (0.321–0.997),0.5735294117647058,0.7352941176470589,0.3411764705882353,0.9176470588235295,0.659 (0.341–0.918),2000,0.1833678818584162,22,0.5079152286052704,0.7272727272727273,0.611764705882353,0.4,0.8235294117647058,0.4,0.2235294117647059,,median repeat-wise development fine-tuned outer-OOF Youden threshold matched to final refit model family applied unchanged to holdout,,,,,,,,,,25.0,0.49912428855895996,0.6818181818181818,0.5823529411764705,0.4,0.7647058823529411,0.36363636363636365,0.15498260496951669,top 25% risk scores in evaluated set,single-model DeLong variance; normal 95% CI,delete-one patient jackknife; normal 95% CI,stratified patient-level nonparametric bootstrap; percentile 95% CI
1_cnn_end2end,imagenet_densenet121|frozen|thrfull,False,,False,224,1,FLIPS,MIN_BBOX,,0.6470588235294118,0.3348111374317776,0.9593065096270458,0.647 (0.335–0.959),0.31031633942136455,0.983801307637459,0.647 (0.310–0.984),0.5588235294117647,0.7647058823529411,0.3411764705882353,0.9058823529411765,0.647 (0.341–0.906),2000,0.21683184334266992,22,0.5292620435357094,0.7272727272727273,0.6823529411764706,0.6,0.7647058823529411,0.5,0.32813879689547715,,development pooled OOF Youden threshold applied unchanged to holdout,,,,,,,,,,25.0,0.5464704036712646,0.6818181818181818,0.5823529411764705,0.4,0.7647058823529411,0.36363636363636365,0.15498260496951669,top 25% risk scores in evaluated set,single-model DeLong variance; normal 95% CI,delete-one patient jackknife; normal 95% CI,stratified patient-level nonparametric bootstrap; percentile 95% CI
1_cnn_end2end,imagenet_resnet18|frozen|thrfull,False,,False,224,1,FLIPS,MIN_BBOX,,0.6352941176470588,0.21459678832576384,1.0,0.635 (0.215–1.000),0.1764667651406705,1.0,0.635 (0.176–1.000),0.5441176470588236,0.7794117647058824,0.24705882352941178,1.0,0.635 (0.247–1.000),2000,0.2082828093649786,22,0.5013532564043999,0.6818181818181818,0.6529411764705882,0.6,0.7058823529411765,0.46153846153846156,0.26647402004950604,,development pooled OOF Youden threshold applied unchanged to holdout,,,,,,,,,,25.0,0.5278863906860352,0.7727272727272727,0.7117647058823529,0.6,0.8235294117647058,0.5454545454545454,0.3985266984930429,top 25% risk scores in evaluated set,single-model DeLong variance; normal 95% CI,delete-one patient jackknife; normal 95% CI,stratified patient-level nonparametric bootstrap; percentile 95% CI
4_cnn_finetuned,imagenet_densenet121|finetune_improved|thrfull,False,,False,224,1,BASIC,MIN_BBOX,,0.6,0.23926314427044576,0.9607368557295541,0.600 (0.239–0.961),0.20853112609353763,0.9914688739064623,0.600 (0.209–0.991),0.5,0.75,0.2588235294117647,0.9058823529411765,0.600 (0.259–0.906),2000,0.24018079065125386,22,0.5045201182365417,0.5909090909090909,0.5235294117647059,0.4,0.6470588235294118,0.3076923076923077,0.040996003084539386,,median repeat-wise development fine-tuned outer-OOF Youden threshold matched to final refit model family applied unchanged to holdout,,,,,,,,,,25.0,0.59672611951828,0.6818181818181818,0.5823529411764705,0.4,0.7647058823529411,0.36363636363636365,0.15498260496951669,top 25% risk scores in evaluated set,single-model DeLong variance; normal 95% CI,delete-one patient jackknife; normal 95% CI,stratified patient-level nonparametric bootstrap; percentile 95% CI
3_efficient_ml,imagenet_resnet10t__gray3__label_thrfull__efficient_ML|NAIVE_BAYES,False,,False,224,1,NOT_APPLICABLE,MIN_BBOX,,0.6,0.2123547622646227,0.9876452377353773,0.600 (0.212–0.988),0.17871851010620066,1.0,0.600 (0.179–1.000),0.5147058823529411,0.75,0.22352941176470587,0.9411764705882353,0.600 (0.224–0.941),2000,0.492547478279872,22,0.06724081284701736,0.36363636363636365,0.5176470588235295,0.8,0.23529411764705882,0.36363636363636365,0.03529411764705882,0.03529411764705892,development pooled OOF Youden threshold applied unchanged to holdout,0.9505065088749647,0.8181818181818182,0.7411764705882353,0.6,0.8823529411764706,0.6,0.4823529411764706,0.48235294117647065,full-development in-sample Youden threshold applied to holdout,25.0,0.9488061929012156,0.7727272727272727,0.7117647058823529,0.6,0.8235294117647058,0.5454545454545454,0.3985266984930429,top 25% risk scores in evaluated set,single-model DeLong variance; normal 95% CI,delete-one patient jackknife; normal 95% CI,stratified patient-level nonparametric bootstrap; percentile 95% CI
1_cnn_end2end,radimagenet_resnet18|frozen|thrfull,False,,False,224,1,FLIPS,MIN_BBOX,,0.5882352941176471,0.21278322154259283,0.963687366692701,0.588 (0.213–0.964),0.1804597581284465,0.9960108301068477,0.588 (0.180–0.996),0.4852941176470589,0.6911764705882353,0.24705882352941178,0.9176470588235295,0.588 (0.247–0.918),2000,0.21247441852030066,22,0.4364796504378319,0.5909090909090909,0.5941176470588235,0.6,0.5882352941176471,0.4,0.1584236068762679,,development pooled OOF Youden threshold applied unchanged to holdout,,,,,,,,,,25.0,0.4678008258342743,0.6818181818181818,0.5823529411764705,0.4,0.7647058823529411,0.36363636363636365,0.15498260496951669,top 25% risk scores in evaluated set,single-model DeLong variance; normal 95% CI,delete-one patient jackknife; normal 95% CI,stratified patient-level nonparametric bootstrap; percentile 95% CI
3_efficient_ml,imagenet_densenet121__gray3__label_thrfull__efficient_ML|NAIVE_BAYES,False,,False,224,1,NOT_APPLICABLE,MIN_BBOX,,0.5882352941176471,0.3117747923054473,0.8646957959298469,0.588 (0.312–0.865),0.29524621160648096,0.8812243766288133,0.588 (0.295–0.881),0.5294117647058824,0.6764705882352942,0.3176470588235294,0.8352941176470587,0.588 (0.318–0.835),2000,0.31499232965721996,22,0.9510392200585844,0.7727272727272727,0.5,0.0,1.0,0.0,0.0,0.0,development pooled OOF Youden threshold applied unchanged to holdout,0.6620271136812839,0.5909090909090909,0.5235294117647059,0.4,0.6470588235294118,0.3076923076923077,0.040996003084539386,0.04705882352941182,full-development in-sample Youden threshold applied to holdout,25.0,0.8246438150739415,0.6818181818181818,0.5823529411764705,0.4,0.7647058823529411,0.36363636363636365,0.15498260496951669,top 25% risk scores in evaluated set,single-model DeLong variance; normal 95% CI,delete-one patient jackknife; normal 95% CI,stratified patient-level nonparametric bootstrap; percentile 95% CI
3_efficient_ml,imagenet_inceptionv3__gray3__label_thrfull__efficient_ML|LOGREG,False,,False,224,1,NOT_APPLICABLE,MIN_BBOX,,0.5529411764705883,0.197400390531141,0.9084819624100355,0.553 (0.197–0.908),0.16811217798805567,0.9377701749531209,0.553 (0.168–0.938),0.45588235294117646,0.6617647058823529,0.21176470588235297,0.8705882352941177,0.553 (0.212–0.871),2000,0.26945847100338366,22,0.5700417346013735,0.6363636363636364,0.5529411764705883,0.4,0.7058823529411765,0.3333333333333333,0.09526610232449337,0.10588235294117654,development pooled OOF Youden threshold applied unchanged to holdout,0.5222977164369578,0.5,0.5352941176470588,0.6,0.47058823529411764,0.35294117647058826,0.05940885257860046,0.07058823529411762,full-development in-sample Youden threshold applied to holdout,25.0,0.5892273375296937,0.6818181818181818,0.5823529411764705,0.4,0.7647058823529411,0.36363636363636365,0.15498260496951669,top 25% risk scores in evaluated set,single-model DeLong variance; normal 95% CI,delete-one patient jackknife; normal 95% CI,stratified patient-level nonparametric bootstrap; percentile 95% CI
3_efficient_ml,radimagenet_resnet50__gray3__label_thrfull__efficient_ML|LOGREG,False,,False,224,1,NOT_APPLICABLE,MIN_BBOX,,0.5529411764705883,0.2503134044070169,0.8555689485341597,0.553 (0.250–0.856),0.22902411793239363,0.8768582350087829,0.553 (0.229–0.877),0.4558823529411765,0.6470588235294117,0.2705882352941177,0.8352941176470587,0.553 (0.271–0.835),2000,0.26478671760633943,22,0.5236428292352394,0.5454545454545454,0.42352941176470593,0.2,0.6470588235294118,0.16666666666666666,-0.13760659224649044,-0.15294117647058814,development pooled OOF Youden threshold applied unchanged to holdout,0.45490744495143715,0.5909090909090909,0.5941176470588235,0.6,0.5882352941176471,0.4,0.1584236068762679,0.18823529411764706,full-development in-sample Youden threshold applied to holdout,25.0,0.5455258642652122,0.5909090909090909,0.4529411764705883,0.2,0.7058823529411765,0.18181818181818182,-0.08856148855400953,top 25% risk scores in evaluated set,single-model DeLong variance; normal 95% CI,delete-one patient jackknife; normal 95% CI,stratified patient-level nonparametric bootstrap; percentile 95% CI
3_efficient_ml,imagenet_densenet121__gray3__label_thrfull__efficient_ML|LOGREG,False,,False,224,1,NOT_APPLICABLE,MIN_BBOX,,0.5176470588235295,0.18800467180550223,0.8472894458415565,0.518 (0.188–0.847),0.16267628203346524,0.8726178356135936,0.518 (0.163–0.873),0.39705882352941174,0.6323529411764706,0.2117647058823529,0.8235294117647058,0.518 (0.212–0.824),2000,0.2474780075974044,22,0.4677327184123419,0.5454545454545454,0.5647058823529412,0.6,0.5294117647058824,0.375,0.10846522890932808,0.12941176470588234,development pooled OOF Youden threshold applied unchanged to holdout,0.530090676805508,0.5454545454545454,0.49411764705882355,0.4,0.5882352941176471,0.2857142857142857,-0.010027613959936446,-0.0117647058823529,full-development in-sample Youden threshold applied to holdout,25.0,0.5658800327051198,0.5909090909090909,0.4529411764705883,0.2,0.7058823529411765,0.18181818181818182,-0.08856148855400953,top 25% risk scores in evaluated set,single-model DeLong variance; normal 95% CI,delete-one patient jackknife; normal 95% CI,stratified patient-level nonparametric bootstrap; percentile 95% CI
3_efficient_ml,radimagenet_resnet50__gray3__label_thrfull__efficient_ML|NAIVE_BAYES,False,,False,224,1,NOT_APPLICABLE,MIN_BBOX,,0.48235294117647065,0.1597412879845756,0.8049645943683656,0.482 (0.160–0.805),0.13604977570280224,0.828656106650139,0.482 (0.136–0.829),0.3529411764705882,0.5735294117647058,0.18823529411764706,0.7882352941176469,0.482 (0.188–0.788),2000,0.7165851902203828,22,0.8472302797646734,0.2727272727272727,0.5294117647058824,1.0,0.058823529411764705,0.38461538461538464,0.11834526708278771,0.05882352941176472,development pooled OOF Youden threshold applied unchanged to holdout,0.9999864740574453,0.6363636363636364,0.48235294117647054,0.2,0.7647058823529411,0.2,-0.03529411764705882,-0.03529411764705892,full-development in-sample Youden threshold applied to holdout,25.0,0.9999844682227004,0.5909090909090909,0.4529411764705883,0.2,0.7058823529411765,0.18181818181818182,-0.08856148855400953,top 25% risk scores in evaluated set,single-model DeLong variance; normal 95% CI,delete-one patient jackknife; normal 95% CI,stratified patient-level nonparametric bootstrap; percentile 95% CI
3_efficient_ml,imagenet_inceptionv3__gray3__label_thrfull__efficient_ML|NAIVE_BAYES,False,,False,224,1,NOT_APPLICABLE,MIN_BBOX,,0.4823529411764706,0.17234821259539773,0.7923576697575434,0.482 (0.172–0.792),0.1500731744976752,0.814632707855266,0.482 (0.150–0.815),0.36764705882352944,0.5588235294117647,0.2,0.7647058823529411,0.482 (0.200–0.765),2000,0.39739728632497806,22,0.11285174902954496,0.3181818181818182,0.41764705882352937,0.6,0.23529411764705882,0.2857142857142857,-0.15498260496951669,-0.16470588235294126,development pooled OOF Youden threshold applied unchanged to holdout,0.47786750149661605,0.45454545454545453,0.5058823529411764,0.6,0.4117647058823529,0.3333333333333333,0.010027613959936446,0.0117647058823529,full-development in-sample Youden threshold applied to holdout,25.0,0.8658083842819295,0.5909090909090909,0.4529411764705883,0.2,0.7058823529411765,0.18181818181818182,-0.08856148855400953,top 25% risk scores in evaluated set,single-model DeLong variance; normal 95% CI,delete-one patient jackknife; normal 95% CI,stratified patient-level nonparametric bootstrap; percentile 95% CI
3_efficient_ml,radimagenet_resnet18__gray3__label_thrfull__efficient_ML|LOGREG,False,,False,224,1,NOT_APPLICABLE,MIN_BBOX,,0.42352941176470593,0.08200422916241851,0.7650545943669933,0.424 (0.082–0.765),0.055075625755206525,0.7919831977742053,0.424 (0.055–0.792),0.27941176470588236,0.5,0.1294117647058824,0.7529411764705882,0.424 (0.129–0.753),2000,0.3004227624821393,22,0.51811878562473,0.45454545454545453,0.3647058823529412,0.2,0.5294117647058824,0.14285714285714285,-0.23063512107853829,-0.2705882352941176,development pooled OOF Youden threshold applied unchanged to holdout,0.43866132979983813,0.2727272727272727,0.3176470588235294,0.4,0.23529411764705882,0.2,-0.32813879689547715,-0.3647058823529412,full-development in-sample Youden threshold applied to holdout,25.0,0.6650919761080082,0.5909090909090909,0.4529411764705883,0.2,0.7058823529411765,0.18181818181818182,-0.08856148855400953,top 25% risk scores in evaluated set,single-model DeLong variance; normal 95% CI,delete-one patient jackknife; normal 95% CI,stratified patient-level nonparametric bootstrap; percentile 95% CI
3_efficient_ml,choi_idh__keep__label_thrfull__efficient_ML|LOGREG,False,,False,224,1,NOT_APPLICABLE,MIN_BBOX,,0.24705882352941175,0.003986757535835717,0.49013088952298783,0.247 (0.004–0.490),0.0,0.5062025688546526,0.247 (0.000–0.506),0.19117647058823528,0.30882352941176466,0.0588235294117647,0.49411764705882355,0.247 (0.059–0.494),2000,0.289330537240997,22,0.6650413417449235,0.7727272727272727,0.5,0.0,1.0,0.0,0.0,0.0,development pooled OOF Youden threshold applied unchanged to holdout,0.4347998647996927,0.3181818181818182,0.41764705882352937,0.6,0.23529411764705882,0.2857142857142857,-0.15498260496951669,-0.16470588235294126,full-development in-sample Youden threshold applied to holdout,25.0,0.5778533094544803,0.5,0.3235294117647059,0.0,0.6470588235294118,0.0,-0.33210558207753577,top 25% risk scores in evaluated set,single-model DeLong variance; normal 95% CI,delete-one patient jackknife; normal 95% CI,stratified patient-level nonparametric bootstrap; percentile 95% CI
3_efficient_ml,choi_idh__keep__label_thrfull__efficient_ML|NAIVE_BAYES,False,,False,224,1,NOT_APPLICABLE,MIN_BBOX,,0.2117647058823529,0.0,0.4318788426908311,0.212 (0.000–0.432),0.0,0.44473918487617503,0.212 (0.000–0.445),0.1764705882352941,0.2647058823529411,0.04705882352941178,0.42352941176470593,0.212 (0.047–0.424),2000,0.5843430302260505,22,0.0009144981949485327,0.3181818181818182,0.41764705882352937,0.6,0.23529411764705882,0.2857142857142857,-0.15498260496951669,-0.16470588235294126,development pooled OOF Youden threshold applied unchanged to holdout,0.9693755967801871,0.45454545454545453,0.29411764705882354,0.0,0.5882352941176471,0.0,-0.3704792868174742,-0.4117647058823529,full-development in-sample Youden threshold applied to holdout,25.0,0.9891693578424755,0.5,0.3235294117647059,0.0,0.6470588235294118,0.0,-0.33210558207753577,top 25% risk scores in evaluated set,single-model DeLong variance; normal 95% CI,delete-one patient jackknife; normal 95% CI,stratified patient-level nonparametric bootstrap; percentile 95% CI
